{"properties": [
  {
    "name": "db.password",
    "type": "java.lang.String",
    "description": "A description for 'db.password'"
  },
  {
    "name": "db.driverName",
    "type": "java.lang.String",
    "description": "A description for 'db.driverName'"
  },
  {
    "name": "mailer.password",
    "type": "java.lang.String",
    "description": "A description for 'mailer.password'"
  },
  {
    "name": "db.connectionString",
    "type": "java.lang.String",
    "description": "A description for 'db.connectionString'"
  },
  {
    "name": "db.username",
    "type": "java.lang.String",
    "description": "A description for 'db.username'"
  },
  {
    "name": "mailer.email",
    "type": "java.lang.String",
    "description": "A description for 'mailer.email'"
  },
  {
    "name": "db.connectionString",
    "type": "java.lang.String",
    "description": "A description for 'db.connectionString'"
  },
  {
    "name": "db.connectionString",
    "type": "java.lang.String",
    "description": "A description for 'db.connectionString'"
  }
]}